电影中文名,电影外文名,评分,评分人数,导演,主演,类型,制片国家/地区,年份
肖申克的救赎,The Shawshank Redemption,9.7,3298332,弗兰克·德拉邦特,蒂姆·罗宾斯 / 摩根·弗里曼 / 鲍勃·冈顿,犯罪 / 剧情,美国,1994
这个杀手不太冷,Léon,9.4,2560539,吕克·贝松,让·雷诺 / 娜塔莉·波特曼 / 加里·奥德曼,犯罪 / 剧情,美国,1994
阿甘正传,Forrest Gump,9.5,2439463,吕克·贝松,让·雷诺 / 娜塔莉·波特曼 / 加里·奥德曼,剧情 / 动作 / 犯罪,法国/美国,1994
霸王别姬,,9.6,2433930,罗伯特·泽米吉斯,让·雷诺 / 娜塔莉·波特曼 / 加里·奥德曼,剧情 / 动作 / 犯罪,法国/美国,1994
盗梦空间,Inception,9.4,2334521,罗伯特·泽米吉斯,汤姆·汉克斯 / 罗宾·怀特 / 加里·辛尼斯,剧情 / 爱情,法国/美国,1994
海上钢琴师,La leggenda del pianista sull'oceano,9.3,1886469,罗伯特·泽米吉斯,汤姆·汉克斯 / 罗宾·怀特 / 加里·辛尼斯,剧情 / 爱情,美国,1994
美丽人生,La vita è bella,9.5,1487833,陈凯歌,张国荣 / 张丰毅 / 巩俐,剧情 / 爱情,美国,1994
三傻大闹宝莱坞,3 Idiots,9.2,2086344,陈凯歌,张国荣 / 张丰毅 / 巩俐,剧情 / 爱情 / 同性,中国大陆/中国香港,1994
辛德勒的名单,Schindler's List,9.5,1251696,克里斯托弗·诺兰,张国荣 / 张丰毅 / 巩俐,剧情 / 爱情 / 同性,中国大陆/中国香港,1993
放牛班的春天,Les choristes,9.3,1479657,克里斯托弗·诺兰,莱昂纳多·迪卡普里奥 / 约瑟夫·高登-莱维特 / 艾利奥特·佩吉,剧情 / 科幻 / 悬疑 / 冒险,中国大陆/中国香港,1993
龙猫,となりのトトロ,9.2,1416916,克里斯托弗·诺兰,莱昂纳多·迪卡普里奥 / 约瑟夫·高登-莱维特 / 艾利奥特·佩吉,剧情 / 科幻 / 悬疑 / 冒险,美国/英国,2010
搏击俱乐部,Fight Club,9.0,982027,朱塞佩·托纳多雷,蒂姆·罗斯 / 普路特·泰勒·文斯 / 比尔·努恩,剧情 / 科幻 / 悬疑 / 冒险,美国/英国,2010
泰坦尼克号,Titanic,9.5,2509652,朱塞佩·托纳多雷,蒂姆·罗斯 / 普路特·泰勒·文斯 / 比尔·努恩,剧情 / 音乐,意大利,2010
教父,The Godfather,9.3,1112762,罗伯托·贝尼尼,蒂姆·罗斯 / 普路特·泰勒·文斯 / 比尔·努恩,剧情 / 音乐,意大利,1998
忠犬八公的故事,Hachi: A Dog's Tale,9.4,1548787,罗伯托·贝尼尼,罗伯托·贝尼尼 / 尼可莱塔·布拉斯基 / 乔治·坎塔里尼,剧情 / 喜剧 / 爱情 / 战争,意大利,1998
天堂电影院,Nuovo Cinema Paradiso,9.2,744484,罗伯托·贝尼尼,罗伯托·贝尼尼 / 尼可莱塔·布拉斯基 / 乔治·坎塔里尼,剧情 / 喜剧 / 爱情 / 战争,意大利,1997
千与千寻,千と千尋の神隠し,9.4,2547932,拉吉库马尔·希拉尼,阿米尔·汗 / 卡琳娜·卡普尔 / 马达范,剧情 / 喜剧 / 爱情 / 战争,意大利,1997
大话西游之大圣娶亲,西遊記大結局之仙履奇緣,9.2,1715913,拉吉库马尔·希拉尼,阿米尔·汗 / 卡琳娜·卡普尔 / 马达范,剧情 / 喜剧 / 爱情 / 歌舞,印度,1997
罗马假日,Roman Holiday,9.1,1052529,史蒂文·斯皮尔伯格,阿米尔·汗 / 卡琳娜·卡普尔 / 马达范,剧情 / 喜剧 / 爱情 / 歌舞,印度,2009
乱世佳人,Gone with the Wind,9.3,800287,史蒂文·斯皮尔伯格,连姆·尼森 / 本·金斯利 / 拉尔夫·费因斯,剧情 / 历史 / 战争,印度,2009
天使爱美丽,Le Fabuleux destin d'Amélie Poulain,8.7,1025699,史蒂文·斯皮尔伯格,连姆·尼森 / 本·金斯利 / 拉尔夫·费因斯,剧情 / 历史 / 战争,美国,1993
楚门的世界,The Truman Show,9.4,2029526,克里斯托夫·巴哈蒂,让-巴蒂斯特·莫尼耶 / 热拉尔·朱尼奥 / 弗朗索瓦·贝莱昂,剧情 / 历史 / 战争,美国,1993
当幸福来敲门,The Pursuit of Happyness,9.1,1694711,克里斯托夫·巴哈蒂,让-巴蒂斯特·莫尼耶 / 热拉尔·朱尼奥 / 弗朗索瓦·贝莱昂,剧情 / 音乐,法国/瑞士/德国,1993
怦然心动,Flipped,9.1,2059860,宫崎骏,让-巴蒂斯特·莫尼耶 / 热拉尔·朱尼奥 / 弗朗索瓦·贝莱昂,剧情 / 音乐,法国/瑞士/德国,2004
两杆大烟枪,"Lock, Stock and Two Smoking Barrels",9.1,682053,宫崎骏,日高范子 / 坂本千夏 / 糸井重里,动画 / 奇幻 / 冒险,法国/瑞士/德国,2004
飞越疯人院,One Flew Over the Cuckoo's Nest,9.1,608603,宫崎骏,日高范子 / 坂本千夏 / 糸井重里,动画 / 奇幻 / 冒险,日本,1988
少年派的奇幻漂流,Life of Pi,9.1,1495147,大卫·芬奇,爱德华·诺顿 / 布拉德·皮特 / 海伦娜·伯翰·卡特,动画 / 奇幻 / 冒险,日本,1988
指环王3：王者无敌,The Lord of the Rings: The Return of the King,9.3,914871,大卫·芬奇,爱德华·诺顿 / 布拉德·皮特 / 海伦娜·伯翰·卡特,剧情 / 动作 / 悬疑 / 惊悚,美国,1988
让子弹飞,,9.0,1928387,詹姆斯·卡梅隆,爱德华·诺顿 / 布拉德·皮特 / 海伦娜·伯翰·卡特,剧情 / 动作 / 悬疑 / 惊悚,美国,1999
七宗罪,Se7en,8.8,1069682,詹姆斯·卡梅隆,莱昂纳多·迪卡普里奥 / 凯特·温斯莱特 / 比利·赞恩,剧情 / 爱情 / 灾难,美国,1999
闻香识女人,Scent of a Woman,9.1,1028544,詹姆斯·卡梅隆,莱昂纳多·迪卡普里奥 / 凯特·温斯莱特 / 比利·赞恩,剧情 / 爱情 / 灾难,美国,1997
大话西游之月光宝盒,西遊記第壹佰零壹回之月光寶盒,9.0,1371723,弗朗西斯·福特·科波拉,马龙·白兰度 / 阿尔·帕西诺 / 詹姆斯·肯恩,剧情 / 爱情 / 灾难,美国,1997
剪刀手爱德华,Edward Scissorhands,8.7,1126411,弗朗西斯·福特·科波拉,马龙·白兰度 / 阿尔·帕西诺 / 詹姆斯·肯恩,剧情 / 犯罪,美国,1997
无间道,無間道,9.3,1572618,拉斯·霍尔斯道姆,马龙·白兰度 / 阿尔·帕西诺 / 詹姆斯·肯恩,剧情 / 犯罪,美国,1972
海豚湾,The Cove,9.3,383826,拉斯·霍尔斯道姆,理查·基尔 / 莎拉·罗默尔 / 琼·艾伦,剧情,美国,1972
情书,Love Letter,8.9,1333734,拉斯·霍尔斯道姆,理查·基尔 / 莎拉·罗默尔 / 琼·艾伦,剧情,美国/英国,2009
鬼子来了,,9.3,719006,朱塞佩·托纳多雷,菲利普·努瓦雷 / 萨瓦特利·卡西欧 / 雅克·贝汉,剧情,美国/英国,2009
美丽心灵,A Beautiful Mind,9.1,856910,朱塞佩·托纳多雷,菲利普·努瓦雷 / 萨瓦特利·卡西欧 / 雅克·贝汉,剧情 / 爱情,意大利/法国,2009
指环王1：护戒使者,The Lord of the Rings: The Fellowship of the Ring,9.1,965136,宫崎骏,菲利普·努瓦雷 / 萨瓦特利·卡西欧 / 雅克·贝汉,剧情 / 爱情,意大利/法国,1988
触不可及,Intouchables,9.3,1302031,宫崎骏,柊瑠美 / 入野自由 / 夏木真理,剧情 / 动画 / 奇幻,意大利/法国,1988
指环王2：双塔奇兵,The Lord of the Rings: The Two Towers,9.2,861778,宫崎骏,柊瑠美 / 入野自由 / 夏木真理,剧情 / 动画 / 奇幻,日本,2001
低俗小说,Pulp Fiction,8.9,965845,刘镇伟,周星驰 / 吴孟达 / 朱茵,剧情 / 动画 / 奇幻,日本,2001
蝙蝠侠：黑暗骑士,The Dark Knight,9.2,1198078,刘镇伟,周星驰 / 吴孟达 / 朱茵,喜剧 / 爱情 / 奇幻 / 古装,中国香港/中国大陆,2001
阿凡达,Avatar,8.8,1593205,威廉·惠勒,周星驰 / 吴孟达 / 朱茵,喜剧 / 爱情 / 奇幻 / 古装,中国香港/中国大陆,1995
勇敢的心,Braveheart,8.9,608806,威廉·惠勒,奥黛丽·赫本 / 格利高里·派克 / 埃迪·艾伯特,喜剧 / 剧情 / 爱情,中国香港/中国大陆,1995
活着,,9.3,975309,威廉·惠勒,奥黛丽·赫本 / 格利高里·派克 / 埃迪·艾伯特,喜剧 / 剧情 / 爱情,美国,1953
机器人总动员,WALL·E,9.3,1500407,维克多·弗莱明 / 乔治·库克 / 山姆·伍德,费雯·丽 / 克拉克·盖博 / 奥利维娅·德哈维兰,喜剧 / 剧情 / 爱情,美国,1953
飞屋环游记,Up,9.1,1508024,维克多·弗莱明 / 乔治·库克 / 山姆·伍德,费雯·丽 / 克拉克·盖博 / 奥利维娅·德哈维兰,剧情 / 历史 / 爱情 / 战争,美国,1953
窃听风暴,Das Leben der Anderen,9.2,635195,让-皮埃尔·热内,费雯·丽 / 克拉克·盖博 / 奥利维娅·德哈维兰,剧情 / 历史 / 爱情 / 战争,美国,1939
入殓师,おくりびと,8.9,746886,让-皮埃尔·热内,奥黛丽·塔图 / 马修·卡索维茨 / 吕菲斯,剧情 / 喜剧 / 爱情,美国,1939
致命魔术,The Prestige,8.9,969392,让-皮埃尔·热内,奥黛丽·塔图 / 马修·卡索维茨 / 吕菲斯,剧情 / 喜剧 / 爱情,法国/德国,2001
死亡诗社,Dead Poets Society,9.2,889962,彼得·威尔,金·凯瑞 / 劳拉·琳妮 / 艾德·哈里斯,剧情 / 喜剧 / 爱情,法国/德国,2001
被嫌弃的松子的一生,嫌われ松子の一生,8.8,779537,彼得·威尔,金·凯瑞 / 劳拉·琳妮 / 艾德·哈里斯,剧情 / 科幻,美国,2001
教父2,The Godfather: Part II,9.3,644179,加布里埃莱·穆奇诺,金·凯瑞 / 劳拉·琳妮 / 艾德·哈里斯,剧情 / 科幻,美国,1998
钢琴家,The Pianist,9.3,754096,加布里埃莱·穆奇诺,威尔·史密斯 / 贾登·史密斯 / 坦迪·牛顿,剧情 / 传记 / 家庭,美国,1998
十二怒汉,12 Angry Men,9.4,582450,加布里埃莱·穆奇诺,威尔·史密斯 / 贾登·史密斯 / 坦迪·牛顿,剧情 / 传记 / 家庭,美国,2006
阳光灿烂的日子,,8.8,700942,罗伯·莱纳,玛德琳·卡罗尔 / 卡兰·麦克奥利菲 / 瑞贝卡·德·莫妮,剧情 / 传记 / 家庭,美国,2006
蝴蝶效应,The Butterfly Effect,8.9,1074688,罗伯·莱纳,玛德琳·卡罗尔 / 卡兰·麦克奥利菲 / 瑞贝卡·德·莫妮,剧情 / 喜剧 / 爱情,美国,2006
大鱼,Big Fish,8.8,631300,盖·里奇,玛德琳·卡罗尔 / 卡兰·麦克奥利菲 / 瑞贝卡·德·莫妮,剧情 / 喜剧 / 爱情,美国,2010
沉默的羔羊,The Silence of the Lambs,8.9,1022183,盖·里奇,杰森·弗莱明 / 德克斯特·弗莱彻 / 尼克·莫兰,剧情 / 喜剧 / 犯罪,美国,2010
美国往事,Once Upon a Time in America,9.1,475372,盖·里奇,杰森·弗莱明 / 德克斯特·弗莱彻 / 尼克·莫兰,剧情 / 喜剧 / 犯罪,英国,1998
哈尔的移动城堡,ハウルの動く城,9.1,1299312,米洛斯·福尔曼,杰克·尼科尔森 / 路易丝·弗莱彻 / 威廉·雷德菲尔德,剧情 / 喜剧 / 犯罪,英国,1998
岁月神偷,歲月神偷,8.7,615747,米洛斯·福尔曼,杰克·尼科尔森 / 路易丝·弗莱彻 / 威廉·雷德菲尔德,剧情,美国,1998
射雕英雄传之东成西就,射鵰英雄傳之東成西就,8.7,723153,李安,杰克·尼科尔森 / 路易丝·弗莱彻 / 威廉·雷德菲尔德,剧情,美国,1975
玛丽和麦克斯,Mary and Max,9.0,474519,李安,苏拉·沙玛 / 伊尔凡·可汗 / 拉菲·斯波,剧情 / 奇幻 / 冒险,美国,1975
黑客帝国,The Matrix,9.1,955785,李安,苏拉·沙玛 / 伊尔凡·可汗 / 拉菲·斯波,剧情 / 奇幻 / 冒险,美国/中国台湾/英国/加拿大,2012
小鞋子,بچه های آسمان,9.2,470181,彼得·杰克逊,伊利亚·伍德 / 西恩·奥斯汀 / 维果·莫腾森,剧情 / 奇幻 / 冒险,美国/中国台湾/英国/加拿大,2012
上帝之城,Cidade de Deus,9.0,336126,彼得·杰克逊,伊利亚·伍德 / 西恩·奥斯汀 / 维果·莫腾森,剧情 / 动作 / 奇幻 / 冒险,美国/新西兰,2012
重庆森林,重慶森林,8.8,929605,姜文,伊利亚·伍德 / 西恩·奥斯汀 / 维果·莫腾森,剧情 / 动作 / 奇幻 / 冒险,美国/新西兰,2003
萤火虫之墓,火垂るの墓,8.7,439301,姜文,姜文 / 葛优 / 周润发,剧情 / 喜剧 / 动作 / 西部,美国/新西兰,2003
本杰明·巴顿奇事,The Curious Case of Benjamin Button,9.0,1110477,姜文,姜文 / 葛优 / 周润发,剧情 / 喜剧 / 动作 / 西部,中国大陆/中国香港,2010
阳光姐妹淘,써니,8.8,642963,大卫·芬奇,摩根·弗里曼 / 布拉德·皮特 / 凯文·史派西,剧情 / 喜剧 / 动作 / 西部,中国大陆/中国香港,2010
拯救大兵瑞恩,Saving Private Ryan,9.1,729267,大卫·芬奇,摩根·弗里曼 / 布拉德·皮特 / 凯文·史派西,剧情 / 犯罪 / 悬疑 / 惊悚,美国,2010
猜火车,Trainspotting,8.6,442699,马丁·布莱斯特,摩根·弗里曼 / 布拉德·皮特 / 凯文·史派西,剧情 / 犯罪 / 悬疑 / 惊悚,美国,1995
疯狂原始人,The Croods,8.7,927969,马丁·布莱斯特,阿尔·帕西诺 / 克里斯·奥唐纳 / 詹姆斯·瑞布霍恩,剧情,美国,1995
告白,,8.8,749483,马丁·布莱斯特,阿尔·帕西诺 / 克里斯·奥唐纳 / 詹姆斯·瑞布霍恩,剧情,美国,1992
心灵捕手,Good Will Hunting,9.0,819862,刘镇伟,周星驰 / 吴孟达 / 罗家英,剧情,美国,1992
一一,,9.1,518800,刘镇伟,周星驰 / 吴孟达 / 罗家英,喜剧 / 爱情 / 奇幻 / 古装,中国香港/中国大陆,1992
西西里的美丽传说,Malèna,8.9,1098368,蒂姆·波顿,周星驰 / 吴孟达 / 罗家英,喜剧 / 爱情 / 奇幻 / 古装,中国香港/中国大陆,1995
真爱至上,Love Actually,8.5,813099,蒂姆·波顿,约翰尼·德普 / 薇诺娜·瑞德 / 黛安·韦斯特,剧情 / 爱情 / 奇幻,中国香港/中国大陆,1995
菊次郎的夏天,菊次郎の夏,8.9,678733,蒂姆·波顿,约翰尼·德普 / 薇诺娜·瑞德 / 黛安·韦斯特,剧情 / 爱情 / 奇幻,美国,1990
爱在黎明破晓前,Before Sunrise,8.8,809851,刘伟强 / 麦兆辉,刘德华 / 梁朝伟 / 黄秋生,剧情 / 爱情 / 奇幻,美国,1990
爱在日落黄昏时,Before Sunset,8.9,661040,刘伟强 / 麦兆辉,刘德华 / 梁朝伟 / 黄秋生,剧情 / 犯罪 / 惊悚,中国香港,1990
甜蜜蜜,,8.9,679966,路易·西霍尤斯,刘德华 / 梁朝伟 / 黄秋生,剧情 / 犯罪 / 惊悚,中国香港,2002
燃情岁月,Legends of the Fall,8.7,321376,路易·西霍尤斯,路易·西霍尤斯 / 瑞克·欧贝瑞 / 哈迪·琼斯,纪录片,中国香港,2002
虎口脱险,La grande vadrouille,8.9,299508,路易·西霍尤斯,路易·西霍尤斯 / 瑞克·欧贝瑞 / 哈迪·琼斯,纪录片,美国,2009
春光乍泄,春光乍洩,9.0,713460,岩井俊二,中山美穗 / 丰川悦司 / 酒井美纪,纪录片,美国,2009
饮食男女,飲食男女,9.2,730770,岩井俊二,中山美穗 / 丰川悦司 / 酒井美纪,剧情 / 爱情,日本,2009
熔炉,도가니,9.3,1039640,姜文,中山美穗 / 丰川悦司 / 酒井美纪,剧情 / 爱情,日本,1995
海盗电台,The Boat That Rocked,8.5,246593,姜文,姜文 / 香川照之 / 袁丁,剧情 / 喜剧,日本,1995
穿越时空的少女,時をかける少女,8.6,432281,姜文,姜文 / 香川照之 / 袁丁,剧情 / 喜剧,中国大陆,2000
贫民窟的百万富翁,Slumdog Millionaire,8.6,811547,朗·霍华德,罗素·克劳 / 艾德·哈里斯 / 詹妮弗·康纳利,剧情 / 喜剧,中国大陆,2000
电锯惊魂8：竖锯,Jigsaw,7.0,102857,朗·霍华德,罗素·克劳 / 艾德·哈里斯 / 詹妮弗·康纳利,传记 / 剧情,美国,2000
秒速5厘米,秒速5センチメートル,8.3,621441,彼得·杰克逊,罗素·克劳 / 艾德·哈里斯 / 詹妮弗·康纳利,传记 / 剧情,美国,2001
东邪西毒,東邪西毒,8.6,639932,彼得·杰克逊,伊利亚·伍德 / 西恩·奥斯汀 / 伊恩·麦克莱恩,剧情 / 动作 / 奇幻 / 冒险,美国,2001
碧海蓝天,Le grand bleu,8.6,158294,彼得·杰克逊,伊利亚·伍德 / 西恩·奥斯汀 / 伊恩·麦克莱恩,剧情 / 动作 / 奇幻 / 冒险,新西兰/美国/英国,2001
雨人,Rain Man,8.7,446338,奥利维埃·纳卡什 / 埃里克·托莱达诺,弗朗索瓦·克鲁塞 / 奥玛·希 / 安娜·勒尼,剧情 / 动作 / 奇幻 / 冒险,新西兰/美国/英国,2001
借东西的小人阿莉埃蒂,借りぐらしのアリエッティ,8.9,632805,奥利维埃·纳卡什 / 埃里克·托莱达诺,弗朗索瓦·克鲁塞 / 奥玛·希 / 安娜·勒尼,剧情 / 喜剧,法国,2001
黑天鹅,Black Swan,8.6,852802,彼得·杰克逊,弗朗索瓦·克鲁塞 / 奥玛·希 / 安娜·勒尼,剧情 / 喜剧,法国,2011
撞车,Crash,8.5,309398,彼得·杰克逊,伊利亚·伍德 / 西恩·奥斯汀 / 多米尼克·莫纳汉,剧情 / 动作 / 奇幻 / 冒险,法国,2011
你看起来好像很好吃,おまえうまそうだな,8.9,379427,彼得·杰克逊,伊利亚·伍德 / 西恩·奥斯汀 / 多米尼克·莫纳汉,剧情 / 动作 / 奇幻 / 冒险,美国/新西兰,2002
人工智能,A.I. Artificial Intelligence,8.7,508933,昆汀·塔伦蒂诺,约翰·特拉沃尔塔 / 乌玛·瑟曼 / 阿曼达·普拉莫,剧情 / 动作 / 奇幻 / 冒险,美国/新西兰,2002
荒野生存,Into the Wild,8.6,241889,昆汀·塔伦蒂诺,约翰·特拉沃尔塔 / 乌玛·瑟曼 / 阿曼达·普拉莫,剧情 / 喜剧 / 犯罪,美国,2002
恋恋笔记本,The Notebook,8.5,756510,克里斯托弗·诺兰,约翰·特拉沃尔塔 / 乌玛·瑟曼 / 阿曼达·普拉莫,剧情 / 喜剧 / 犯罪,美国,1994
七武士,七人の侍,9.3,238601,克里斯托弗·诺兰,克里斯蒂安·贝尔 / 希斯·莱杰 / 艾伦·艾克哈特,剧情 / 动作 / 科幻 / 犯罪 / 惊悚,美国,1994
两小无猜,Jeux d'enfants,7.8,468428,克里斯托弗·诺兰,克里斯蒂安·贝尔 / 希斯·莱杰 / 艾伦·艾克哈特,剧情 / 动作 / 科幻 / 犯罪 / 惊悚,美国/英国,2008
卢旺达饭店,Hotel Rwanda,8.9,370299,詹姆斯·卡梅隆,萨姆·沃辛顿 / 佐伊·索尔达娜 / 西格妮·韦弗,剧情 / 动作 / 科幻 / 犯罪 / 惊悚,美国/英国,2008
我是山姆,I Am Sam,9.0,380042,詹姆斯·卡梅隆,萨姆·沃辛顿 / 佐伊·索尔达娜 / 西格妮·韦弗,动作 / 科幻 / 冒险,美国,2008
朗读者,The Reader,8.6,488000,梅尔·吉布森,萨姆·沃辛顿 / 佐伊·索尔达娜 / 西格妮·韦弗,动作 / 科幻 / 冒险,美国,2009
燕尾蝶,スワロウテイル,8.7,194241,梅尔·吉布森,梅尔·吉布森 / 苏菲·玛索 / 布莱恩·考克斯,动作 / 传记 / 剧情 / 历史 / 战争,美国,2009
幸福终点站,The Terminal,8.8,647421,梅尔·吉布森,梅尔·吉布森 / 苏菲·玛索 / 布莱恩·考克斯,动作 / 传记 / 剧情 / 历史 / 战争,美国,1995
海洋,Océans,9.1,160200,张艺谋,葛优 / 巩俐 / 姜武,动作 / 传记 / 剧情 / 历史 / 战争,美国,1995
音乐之声,The Sound of Music,9.1,687788,张艺谋,葛优 / 巩俐 / 姜武,剧情 / 历史 / 家庭,中国大陆/中国香港,1995
浪潮,Die Welle,8.7,296230,安德鲁·斯坦顿,葛优 / 巩俐 / 姜武,剧情 / 历史 / 家庭,中国大陆/中国香港,1994
摩登时代,Modern Times,9.3,349651,安德鲁·斯坦顿,本·贝尔特 / 艾丽莎·奈特 / 杰夫·格尔林,科幻 / 动画 / 冒险,中国大陆/中国香港,1994
超脱,Detachment,9.0,728530,安德鲁·斯坦顿,本·贝尔特 / 艾丽莎·奈特 / 杰夫·格尔林,科幻 / 动画 / 冒险,美国,2008
纵横四海,縱橫四海,8.8,492569,彼特·道格特 / 鲍勃·彼德森,爱德华·阿斯纳 / 克里斯托弗·普卢默 / 乔丹·长井,科幻 / 动画 / 冒险,美国,2008
英雄本色,,8.6,611540,彼特·道格特 / 鲍勃·彼德森,爱德华·阿斯纳 / 克里斯托弗·普卢默 / 乔丹·长井,剧情 / 喜剧 / 动画 / 冒险,美国,2008
巴黎淘气帮,Le petit Nicolas,8.6,138704,弗洛里安·亨克尔·冯·多纳斯马尔克,爱德华·阿斯纳 / 克里斯托弗·普卢默 / 乔丹·长井,剧情 / 喜剧 / 动画 / 冒险,美国,2009
教父3,The Godfather: Part III,9.0,436901,弗洛里安·亨克尔·冯·多纳斯马尔克,乌尔里希·穆埃 / 马蒂娜·格德克 / 塞巴斯蒂安·科赫,剧情 / 悬疑,美国,2009
穿条纹睡衣的男孩,The Boy in the Striped Pajamas,9.2,645054,弗洛里安·亨克尔·冯·多纳斯马尔克,乌尔里希·穆埃 / 马蒂娜·格德克 / 塞巴斯蒂安·科赫,剧情 / 悬疑,德国,2006
一次别离,جدایی نادر از سیمین,8.8,268472,泷田洋二郎,本木雅弘 / 广末凉子 / 山崎努,剧情 / 悬疑,德国,2006
罗生门,羅生門,8.8,362123,泷田洋二郎,本木雅弘 / 广末凉子 / 山崎努,剧情,日本,2006
勇士,Warrior,8.8,180609,克里斯托弗·诺兰,本木雅弘 / 广末凉子 / 山崎努,剧情,日本,2008
再见我们的幼儿园,さよならぼくたちのようちえん,8.8,120008,克里斯托弗·诺兰,休·杰克曼 / 克里斯蒂安·贝尔 / 迈克尔·凯恩,剧情 / 悬疑 / 惊悚,日本,2008
杀人回忆,살인의 추억,8.9,844081,克里斯托弗·诺兰,休·杰克曼 / 克里斯蒂安·贝尔 / 迈克尔·凯恩,剧情 / 悬疑 / 惊悚,英国/美国,2006
迁徙的鸟,Le peuple migrateur,9.1,76666,彼得·威尔,罗宾·威廉姆斯 / 罗伯特·肖恩·莱纳德 / 伊桑·霍克,剧情 / 悬疑 / 惊悚,英国/美国,2006
叫我第一名,Front of the Class,8.7,211616,彼得·威尔,罗宾·威廉姆斯 / 罗伯特·肖恩·莱纳德 / 伊桑·霍克,剧情,美国,2006
卡萨布兰卡,Casablanca,8.7,244723,中岛哲也,罗宾·威廉姆斯 / 罗伯特·肖恩·莱纳德 / 伊桑·霍克,剧情,美国,1989
被解救的姜戈,Django Unchained,8.8,698800,中岛哲也,中谷美纪 / 永山瑛太 / 香川照之,剧情 / 歌舞,美国,1989
那些年，我们一起追的女孩,那些年，我們一起追的女孩,8.1,940834,中岛哲也,中谷美纪 / 永山瑛太 / 香川照之,剧情 / 歌舞,日本,2006
香水,Perfume: The Story of a Murderer,8.5,584313,弗朗西斯·福特·科波拉,阿尔·帕西诺 / 罗伯特·杜瓦尔 / 黛安·基顿,剧情 / 歌舞,日本,2006
喜宴,囍宴,9.0,437203,弗朗西斯·福特·科波拉,阿尔·帕西诺 / 罗伯特·杜瓦尔 / 黛安·基顿,剧情 / 犯罪,美国,2006
绿里奇迹,The Green Mile,8.9,392419,罗曼·波兰斯基,阿尔·帕西诺 / 罗伯特·杜瓦尔 / 黛安·基顿,剧情 / 犯罪,美国,1974
麦兜故事,麥兜故事,8.6,197996,罗曼·波兰斯基,阿德里安·布罗迪 / 托马斯·克莱舒曼 / 艾米莉娅·福克斯,剧情 / 传记 / 战争 / 音乐,美国,1974
就是这样,This Is It,8.8,97105,罗曼·波兰斯基,阿德里安·布罗迪 / 托马斯·克莱舒曼 / 艾米莉娅·福克斯,剧情 / 传记 / 战争 / 音乐,英国/法国/波兰/德国/美国,2002
可可西里,,8.9,349853,西德尼·吕美特,亨利·方达 / 马丁·鲍尔萨姆 / 约翰·菲德勒,剧情 / 传记 / 战争 / 音乐,英国/法国/波兰/德国/美国,2002
发条橙,A Clockwork Orange,8.6,417997,西德尼·吕美特,亨利·方达 / 马丁·鲍尔萨姆 / 约翰·菲德勒,剧情,美国,2002
悲惨世界,Les Misérables,8.7,371566,姜文,亨利·方达 / 马丁·鲍尔萨姆 / 约翰·菲德勒,剧情,美国,1957
罪恶之城2,Sin City: A Dame to Kill For,6.9,54854,姜文,夏雨 / 宁静 / 陶虹,剧情 / 爱情,美国,1957
中央车站,Central do Brasil,8.7,123831,姜文,夏雨 / 宁静 / 陶虹,剧情 / 爱情,中国大陆/中国香港,1994
完美的世界,A Perfect World,9.1,363084,埃里克·布雷斯 / J·麦基·格鲁伯,阿什顿·库彻 / 梅洛拉·沃尔特斯 / 艾米·斯马特,剧情 / 爱情,中国大陆/中国香港,1994
魂断蓝桥,Waterloo Bridge,8.8,313447,埃里克·布雷斯 / J·麦基·格鲁伯,阿什顿·库彻 / 梅洛拉·沃尔特斯 / 艾米·斯马特,剧情 / 悬疑 / 科幻 / 惊悚,美国/加拿大,1994
战争之王,Lord of War,8.7,419469,蒂姆·波顿,阿什顿·库彻 / 梅洛拉·沃尔特斯 / 艾米·斯马特,剧情 / 悬疑 / 科幻 / 惊悚,美国/加拿大,2004
倩女幽魂,,8.8,841561,蒂姆·波顿,伊万·麦克格雷格 / 阿尔伯特·芬尼 / 比利·克鲁德普,剧情 / 爱情 / 奇幻 / 冒险,美国/加拿大,2004
玩具总动员3,Toy Story 3,8.9,601317,蒂姆·波顿,伊万·麦克格雷格 / 阿尔伯特·芬尼 / 比利·克鲁德普,剧情 / 爱情 / 奇幻 / 冒险,美国,2003
上帝也疯狂,The Gods Must Be Crazy,8.7,148665,乔纳森·戴米,朱迪·福斯特 / 安东尼·霍普金斯 / 斯科特·格伦,剧情 / 爱情 / 奇幻 / 冒险,美国,2003
末代皇帝,The Last Emperor,9.3,1034075,乔纳森·戴米,朱迪·福斯特 / 安东尼·霍普金斯 / 斯科特·格伦,剧情 / 犯罪 / 惊悚,美国,2003
猫鼠游戏,Catch Me If You Can,9.1,1218355,赛尔乔·莱昂内,朱迪·福斯特 / 安东尼·霍普金斯 / 斯科特·格伦,剧情 / 犯罪 / 惊悚,美国,1991
曾经,Once,8.3,291480,赛尔乔·莱昂内,罗伯特·德尼罗 / 詹姆斯·伍兹 / 伊丽莎白·麦戈文,犯罪 / 剧情,美国,1991
雨中曲,Singin' in the Rain,9.1,272249,赛尔乔·莱昂内,罗伯特·德尼罗 / 詹姆斯·伍兹 / 伊丽莎白·麦戈文,犯罪 / 剧情,美国/意大利,1984
红辣椒,パプリカ,9.0,575738,宫崎骏,倍赏千惠子 / 木村拓哉 / 美轮明宏,犯罪 / 剧情,美国/意大利,1984
蓝色大门,藍色大門,8.4,472272,宫崎骏,倍赏千惠子 / 木村拓哉 / 美轮明宏,爱情 / 动画 / 奇幻 / 冒险,日本,1984
爱在暹罗,รักแห่งสยาม,8.3,301961,罗启锐,倍赏千惠子 / 木村拓哉 / 美轮明宏,爱情 / 动画 / 奇幻 / 冒险,日本,2004
蝴蝶,Le papillon,8.6,127835,罗启锐,吴君如 / 任达华 / 钟绍图,剧情 / 家庭,日本,2004
英国病人,The English Patient,8.5,299772,罗启锐,吴君如 / 任达华 / 钟绍图,剧情 / 家庭,中国香港/中国大陆,2010
暖暖内含光,Eternal Sunshine of the Spotless Mind,8.5,304892,刘镇伟,梁朝伟 / 林青霞 / 张国荣,剧情 / 家庭,中国香港/中国大陆,2010
断背山,Brokeback Mountain,8.8,788629,刘镇伟,梁朝伟 / 林青霞 / 张国荣,喜剧 / 奇幻 / 武侠 / 古装,中国香港,2010
阿飞正传,阿飛正傳,8.5,566474,亚当·艾略特,梁朝伟 / 林青霞 / 张国荣,喜剧 / 奇幻 / 武侠 / 古装,中国香港,1993
牯岭街少年杀人事件,牯嶺街少年殺人事件,8.9,375295,亚当·艾略特,托妮·科莱特 / 菲利普·塞默·霍夫曼 / 巴瑞·哈姆弗莱斯,剧情 / 喜剧 / 动画,中国香港,1993
源代码,Source Code,8.6,934562,亚当·艾略特,托妮·科莱特 / 菲利普·塞默·霍夫曼 / 巴瑞·哈姆弗莱斯,剧情 / 喜剧 / 动画,澳大利亚/美国,2009
地球上的星星,Taare Zameen Par,8.9,219780,莉莉·沃卓斯基 / 拉娜·沃卓斯基,基努·里维斯 / 劳伦斯·菲什伯恩 / 凯瑞-安·莫斯,剧情 / 喜剧 / 动画,澳大利亚/美国,2009
天空之城,天空の城ラピュタ,9.2,1013799,莉莉·沃卓斯基 / 拉娜·沃卓斯基,基努·里维斯 / 劳伦斯·菲什伯恩 / 凯瑞-安·莫斯,动作 / 科幻,美国,2009
终结者2：审判日,Terminator 2: Judgment Day,8.8,390387,马基德·马基迪,基努·里维斯 / 劳伦斯·菲什伯恩 / 凯瑞-安·莫斯,动作 / 科幻,美国,1999
偷拐抢骗,Snatch,8.5,219672,马基德·马基迪,默罕默德·阿米尔·纳吉 / 阿米尔·法拉赫·哈什米安 / 巴哈丽·西迪奇,剧情 / 儿童 / 家庭,美国,1999
美国丽人,American Beauty,8.6,361801,马基德·马基迪,默罕默德·阿米尔·纳吉 / 阿米尔·法拉赫·哈什米安 / 巴哈丽·西迪奇,剧情 / 儿童 / 家庭,伊朗,1997
变脸,Face/Off,8.5,410751,费尔南多·梅里尔斯 / 卡蒂亚·伦德,亚历桑德雷·罗德里格斯 / 莱安德鲁·菲尔米诺 / 菲利佩·哈根森,剧情 / 儿童 / 家庭,伊朗,1997
我在伊朗长大,Persepolis,8.7,141518,费尔南多·梅里尔斯 / 卡蒂亚·伦德,亚历桑德雷·罗德里格斯 / 莱安德鲁·菲尔米诺 / 菲利佩·哈根森,犯罪 / 剧情,巴西/法国,1997
跳出我天地,Billy Elliot,8.8,124581,王家卫,亚历桑德雷·罗德里格斯 / 莱安德鲁·菲尔米诺 / 菲利佩·哈根森,犯罪 / 剧情,巴西/法国,2002
末路狂花,Thelma & Louise,9.0,356352,王家卫,林青霞 / 金城武 / 梁朝伟,剧情 / 爱情,巴西/法国,2002
再见列宁,Good Bye Lenin!,8.8,95732,王家卫,林青霞 / 金城武 / 梁朝伟,剧情 / 爱情,中国香港,1994
莫扎特传,Amadeus,8.7,104607,高畑勋,辰己努 / 白石绫乃 / 志乃原良子,剧情 / 爱情,中国香港,1994
新龙门客栈,新龍門客棧,8.7,515547,高畑勋,辰己努 / 白石绫乃 / 志乃原良子,动画 / 剧情 / 战争,日本,1994
不一样的天空,What's Eating Gilbert Grape,8.6,151951,大卫·芬奇,辰己努 / 白石绫乃 / 志乃原良子,动画 / 剧情 / 战争,日本,1988
疯狂约会美丽都,Les triplettes de Belleville,8.7,97010,大卫·芬奇,布拉德·皮特 / 凯特·布兰切特 / 朱莉娅·奥蒙德,剧情 / 爱情 / 奇幻,日本,1988
梦之安魂曲,Requiem for a Dream,8.8,222392,大卫·芬奇,布拉德·皮特 / 凯特·布兰切特 / 朱莉娅·奥蒙德,剧情 / 爱情 / 奇幻,美国,2008
蝙蝠侠：黑暗骑士崛起,The Dark Knight Rises,8.9,820059,姜炯哲,沈恩敬 / 闵孝琳 / 姜素拉,剧情 / 爱情 / 奇幻,美国,2008
买凶拍人,買兇拍人,8.2,158079,姜炯哲,沈恩敬 / 闵孝琳 / 姜素拉,剧情 / 喜剧,韩国,2008
幽灵公主,もののけ姫,8.9,675012,史蒂文·斯皮尔伯格,沈恩敬 / 闵孝琳 / 姜素拉,剧情 / 喜剧,韩国,2011
爱·回家,집으로...,9.0,98826,史蒂文·斯皮尔伯格,汤姆·汉克斯 / 汤姆·塞兹摩尔 / 爱德华·伯恩斯,剧情 / 战争,韩国,2011
我们俩,,8.8,130651,史蒂文·斯皮尔伯格,汤姆·汉克斯 / 汤姆·塞兹摩尔 / 爱德华·伯恩斯,剧情 / 战争,美国,1998
无耻混蛋,Inglourious Basterds,8.7,569707,丹尼·博伊尔,伊万·麦克格雷格 / 艾文·布莱纳 / 约翰尼·李·米勒,剧情 / 战争,美国,1998
傲慢与偏见,Pride & Prejudice,8.7,948376,丹尼·博伊尔,伊万·麦克格雷格 / 艾文·布莱纳 / 约翰尼·李·米勒,剧情 / 犯罪,英国,1998
夜访吸血鬼,Interview with the Vampire: The Vampire Chronicles,8.3,303987,柯克·德·米科 / 克里斯·桑德斯,伊万·麦克格雷格 / 艾文·布莱纳 / 约翰尼·李·米勒,剧情 / 犯罪,英国,1996
她比烟花寂寞,Hilary and Jackie,8.2,126943,柯克·德·米科 / 克里斯·桑德斯,尼古拉斯·凯奇 / 艾玛·斯通 / 瑞安·雷诺兹,喜剧 / 动画 / 冒险,英国,1996
黄金三镖客,"Il buono, il brutto, il cattivo",9.3,144043,柯克·德·米科 / 克里斯·桑德斯,尼古拉斯·凯奇 / 艾玛·斯通 / 瑞安·雷诺兹,喜剧 / 动画 / 冒险,美国,2013
国王的演讲,The King's Speech,8.5,645861,中岛哲也,松隆子 / 冈田将生 / 木村佳乃,喜剧 / 动画 / 冒险,美国,2013
加勒比海盗,Pirates of the Caribbean: The Curse of the Black Pearl,8.8,975531,中岛哲也,松隆子 / 冈田将生 / 木村佳乃,剧情 / 悬疑,日本,2013
第六感,The Sixth Sense,8.9,644252,格斯·范·桑特,松隆子 / 冈田将生 / 木村佳乃,剧情 / 悬疑,日本,2010
家园,Home,9.2,52657,格斯·范·桑特,马特·达蒙 / 罗宾·威廉姆斯 / 本·阿弗莱克,剧情,日本,2010
蓝白红三部曲之红,Trois couleurs: Rouge,8.8,143257,格斯·范·桑特,马特·达蒙 / 罗宾·威廉姆斯 / 本·阿弗莱克,剧情,美国,1997
攻壳机动队,攻殻機動隊,9.0,222104,杨德昌,吴念真 / 李凯莉 / 金燕玲,剧情,美国,1997
茜茜公主,Sissi,8.5,121722,杨德昌,吴念真 / 李凯莉 / 金燕玲,剧情 / 爱情 / 家庭,中国台湾/日本,1997
出租车司机,Taxi Driver,8.6,259544,朱塞佩·托纳多雷,吴念真 / 李凯莉 / 金燕玲,剧情 / 爱情 / 家庭,中国台湾/日本,2000
我爱你,그대를 사랑합니다,9.0,176351,朱塞佩·托纳多雷,莫妮卡·贝鲁奇 / 朱塞佩·苏尔法罗 / Luciano Federico,剧情 / 战争 / 情色,中国台湾/日本,2000
速度与激情5,Fast Five,8.5,395672,朱塞佩·托纳多雷,莫妮卡·贝鲁奇 / 朱塞佩·苏尔法罗 / Luciano Federico,剧情 / 战争 / 情色,意大利/美国,2000
对她说,Hable con ella,8.4,95627,理查德·柯蒂斯,休·格兰特 / 连姆·尼森 / 科林·费尔斯,剧情 / 战争 / 情色,意大利/美国,2000
歌剧魅影,The Phantom of the Opera,8.5,175350,理查德·柯蒂斯,休·格兰特 / 连姆·尼森 / 科林·费尔斯,喜剧 / 剧情 / 爱情,英国/美国/法国,2000
初恋这件小事,สิ่งเล็กเล็กที่เรียกว่า...รัก,8.5,1057953,北野武,休·格兰特 / 连姆·尼森 / 科林·费尔斯,喜剧 / 剧情 / 爱情,英国/美国/法国,2003
遗愿清单,The Bucket List,8.7,546032,北野武,北野武 / 关口雄介 / 岸本加世子,剧情 / 喜剧,英国/美国/法国,2003
布达佩斯之恋,Gloomy Sunday - Ein Lied von Liebe und Tod,8.6,88841,北野武,北野武 / 关口雄介 / 岸本加世子,剧情 / 喜剧,日本,1999
开心家族,헬로우 고스트,8.6,212662,理查德·林克莱特,伊桑·霍克 / 朱莉·德尔佩 / 安德莉亚·埃克特,剧情 / 喜剧,日本,1999
伴我同行,Stand by Me,8.9,129338,理查德·林克莱特,伊桑·霍克 / 朱莉·德尔佩 / 安德莉亚·埃克特,剧情 / 爱情,美国/奥地利/瑞士,1999
城市之光,City Lights,9.3,175191,理查德·林克莱特,伊桑·霍克 / 朱莉·德尔佩 / 安德莉亚·埃克特,剧情 / 爱情,美国/奥地利/瑞士,1995
忠犬八公物语,ハチ公物語,9.2,220783,理查德·林克莱特,伊桑·霍克 / 朱莉·德尔佩 / 弗农·多布切夫,剧情 / 爱情,美国/奥地利/瑞士,1995
桃姐,,8.4,331056,理查德·林克莱特,伊桑·霍克 / 朱莉·德尔佩 / 弗农·多布切夫,剧情 / 爱情,美国/法国,2004
蓝白红三部曲之蓝,Trois couleurs: Bleu,8.5,163175,陈可辛,黎明 / 张曼玉 / 杨恭如,剧情 / 爱情,美国/法国,2004
刺猬的优雅,Le hérisson,8.8,174916,陈可辛,黎明 / 张曼玉 / 杨恭如,剧情 / 爱情,中国香港,2004
寿司之神,Jiro Dreams of Sushi,8.6,130028,爱德华·兹威克,黎明 / 张曼玉 / 杨恭如,剧情 / 爱情,中国香港,1996
相助,The Help,8.9,149715,爱德华·兹威克,布拉德·皮特 / 安东尼·霍普金斯 / 艾丹·奎因,剧情 / 爱情 / 战争 / 西部,中国香港,1996
赛德克·巴莱,賽德克·巴萊,8.8,205105,爱德华·兹威克,布拉德·皮特 / 安东尼·霍普金斯 / 艾丹·奎因,剧情 / 爱情 / 战争 / 西部,美国,1994
2001太空漫游,2001: A Space Odyssey,8.9,401998,热拉尔·乌里,路易·德·菲奈斯 / 布尔维尔 / 克劳迪奥·布鲁克,剧情 / 爱情 / 战争 / 西部,美国,1994
美国X档案,American History X,8.4,109042,热拉尔·乌里,路易·德·菲奈斯 / 布尔维尔 / 克劳迪奥·布鲁克,喜剧 / 战争,法国/英国,1994
自闭历程,Temple Grandin,8.9,74404,王家卫,路易·德·菲奈斯 / 布尔维尔 / 克劳迪奥·布鲁克,喜剧 / 战争,法国/英国,1966
上帝也疯狂2,The Gods Must Be Crazy II,8.8,61405,王家卫,张国荣 / 梁朝伟 / 张震,剧情 / 爱情 / 同性,法国/英国,1966
未麻的部屋,Perfect Blue,9.1,430305,王家卫,张国荣 / 梁朝伟 / 张震,剧情 / 爱情 / 同性,中国香港/日本/韩国,1997
天水围的日与夜,天水圍的日與夜,8.7,134105,李安,郎雄 / 杨贵媚 / 吴倩莲,剧情 / 爱情 / 同性,中国香港/日本/韩国,1997
枪火,鎗火,8.8,267373,李安,郎雄 / 杨贵媚 / 吴倩莲,剧情 / 家庭,中国台湾/美国,1997
精英部队2：大敌当前,Tropa de Elite 2 - O Inimigo Agora É Outro,8.7,94724,黄东赫,郎雄 / 杨贵媚 / 吴倩莲,剧情 / 家庭,中国台湾/美国,1994
青蛇,,8.6,606095,黄东赫,孔刘 / 郑裕美 / 金贤秀,剧情,中国台湾/美国,1994
狩猎,Jagten,9.1,475170,黄东赫,孔刘 / 郑裕美 / 金贤秀,剧情,韩国,2011
追随,Following,8.9,205565,理查德·柯蒂斯,比尔·奈伊 / 肯尼思·布拉纳 / 菲利普·塞默·霍夫曼,剧情,韩国,2011
时时刻刻,The Hours,8.7,217366,理查德·柯蒂斯,比尔·奈伊 / 肯尼思·布拉纳 / 菲利普·塞默·霍夫曼,剧情 / 喜剧 / 音乐,英国/德国/法国,2011
风之谷,風の谷のナウシカ,8.9,396550,细田守,比尔·奈伊 / 肯尼思·布拉纳 / 菲利普·塞默·霍夫曼,剧情 / 喜剧 / 音乐,英国/德国/法国,2009
角斗士,Gladiator,8.6,263158,细田守,仲里依纱 / 石田卓也 / 板仓光隆,剧情 / 爱情 / 科幻 / 动画,英国/德国/法国,2009
导盲犬小Q,クイール,8.5,140608,细田守,仲里依纱 / 石田卓也 / 板仓光隆,剧情 / 爱情 / 科幻 / 动画,日本,2006
花样年华,花樣年華,8.8,813895,丹尼·博伊尔 / 洛芙琳·坦丹,戴夫·帕特尔 / 沙鲁巴·舒克拉 / 亚尼·卡普尔,剧情 / 爱情 / 科幻 / 动画,日本,2006
老男孩,올드보이,8.2,336101,丹尼·博伊尔 / 洛芙琳·坦丹,戴夫·帕特尔 / 沙鲁巴·舒克拉 / 亚尼·卡普尔,剧情 / 爱情,英国,2006
迷墙,Pink Floyd The Wall,8.7,53108,迈克尔·斯派瑞 / 彼得·斯派瑞,戴夫·帕特尔 / 沙鲁巴·舒克拉 / 亚尼·卡普尔,剧情 / 爱情,英国,2008
惊魂记,Psycho,9.0,360839,迈克尔·斯派瑞 / 彼得·斯派瑞,马特·帕斯摩尔 / 托宾·贝尔 / 考乐姆·吉斯·雷尼,悬疑 / 惊悚 / 恐怖,英国,2008
黑客帝国3：矩阵革命,The Matrix Revolutions,8.8,501445,迈克尔·斯派瑞 / 彼得·斯派瑞,马特·帕斯摩尔 / 托宾·贝尔 / 考乐姆·吉斯·雷尼,悬疑 / 惊悚 / 恐怖,美国/加拿大,2017
第九区,District 9,8.4,510934,新海诚,水桥研二 / 近藤好美 / 花村怜美,悬疑 / 惊悚 / 恐怖,美国/加拿大,2017
血钻,Blood Diamond,8.7,425343,新海诚,水桥研二 / 近藤好美 / 花村怜美,动画 / 剧情 / 爱情,日本,2017
荒岛余生,Cast Away,8.6,301690,王家卫,水桥研二 / 近藤好美 / 花村怜美,动画 / 剧情 / 爱情,日本,2007
河童之夏,河童のクゥと夏休み,8.7,85367,王家卫,张国荣 / 林青霞 / 梁朝伟,剧情 / 动作 / 爱情 / 武侠 / 古装,日本,2007
恶童,鉄コン筋クリート,8.5,71601,王家卫,张国荣 / 林青霞 / 梁朝伟,剧情 / 动作 / 爱情 / 武侠 / 古装,中国香港/中国台湾,1994
与狼共舞,Dances with Wolves,8.9,90493,吕克·贝松,让-马克·巴尔 / 让·雷诺 / 罗姗娜·阿奎特,剧情 / 动作 / 爱情 / 武侠 / 古装,中国香港/中国台湾,1994
魔术师,L'Illusionniste,8.6,87947,吕克·贝松,让-马克·巴尔 / 让·雷诺 / 罗姗娜·阿奎特,剧情 / 爱情,法国/意大利,1994
罗拉快跑,Lola rennt,8.1,273110,巴瑞·莱文森,让-马克·巴尔 / 让·雷诺 / 罗姗娜·阿奎特,剧情 / 爱情,法国/意大利,1988
岁月的童话,おもひでぽろぽろ,8.6,157695,巴瑞·莱文森,达斯汀·霍夫曼 / 汤姆·克鲁斯 / 瓦莱丽亚·戈利诺,剧情,法国/意大利,1988
社交网络,The Social Network,8.2,504923,巴瑞·莱文森,达斯汀·霍夫曼 / 汤姆·克鲁斯 / 瓦莱丽亚·戈利诺,剧情,美国,1988
无敌破坏王,Wreck-It Ralph,8.7,617287,米林宏昌,志田未来 / 神木隆之介 / 树木希林,剧情,美国,1988
老爷车,Gran Torino,8.6,109596,米林宏昌,志田未来 / 神木隆之介 / 树木希林,动画 / 奇幻 / 冒险,日本,1988
八月迷情,August Rush,8.3,164310,达伦·阿伦诺夫斯基,志田未来 / 神木隆之介 / 树木希林,动画 / 奇幻 / 冒险,日本,2010
暗战,暗戰,8.6,281108,达伦·阿伦诺夫斯基,娜塔莉·波特曼 / 米拉·库尼斯 / 文森特·卡索,剧情 / 惊悚,日本,2010
我们天上见,,8.7,85446,达伦·阿伦诺夫斯基,娜塔莉·波特曼 / 米拉·库尼斯 / 文森特·卡索,剧情 / 惊悚,美国,2010
千年女优,千年女優,8.8,321820,保罗·哈吉斯,桑德拉·布洛克 / 唐·钱德尔 / 马特·狄龙,剧情 / 惊悚,美国,2010
钢的琴,,8.5,416551,保罗·哈吉斯,桑德拉·布洛克 / 唐·钱德尔 / 马特·狄龙,犯罪 / 剧情,美国/德国/澳大利亚,2010
